Equipment Description,Functional,Non Functional,Under Maintanance,Total
Sterilizer,1,0,0,1
Safety Box,1,0,0,1
Full Blood Picture Machine,1,0,0,1
Microscope Binocular (Electrical),1,0,0,1
Refrigerator,2,0,0,2
B/P Machines,3,0,0,3
Basic Ultrasound,1,0,0,1
Beakers ( 250ml),2,0,0,2
Beakers ( 500ml),1,0,0,1
Clinical thermometer,3,0,0,3
"Centrifuge Machine (Electrical, RCF, RPM)",1,0,0,1
Chemistry Analyser (POC),1,0,0,1
Color coded buckets,6,0,0,6
Computer,9,0,0,9
Chairs,10,0,0,10
Dressing drum assorted sizes,3,0,0,3
Drip stand,4,0,0,4
Emergency Tray with medicines,1,0,0,1
Examination beds,3,0,0,3
Galipot,6,0,0,6
Pipette adjustable (0 -,1,0,0,1
Urine analyser Machine,1,0,0,1
Autoclave,1,0,0,1
Stethoscope,3,0,0,3
"Stop Watch,",1,0,0,1
Visitor’s Chair,2,0,0,2
ESR Machine,1,0,0,1
