Service Category,Service Description
General Clinical Services,OPD - Outpatient Services
General Clinical Services,IMCI - Integrated Management of Childhood Illness
General Clinical Services,Nutritional Counseling
General Clinical Services,Minor Surgical Interventions
Malaria Diagnosis and Treatment,Slide Microscopy
Malaria Diagnosis and Treatment,mRDT - Rapid Diagnostic Tests
Malaria Diagnosis and Treatment,First Line Treatment
Therapeutics,Dispensing Room
Diagnostic Services,Laboratory
General Clinical Services,NCD - Other Non-Communicable Disease Care and Treatment
General Clinical Services,Nutritional Rehabilitation
Health Promotion and Disease Prevention,Community Mobilization
ENT Services,General ENT
Laboratory Service-Microbiology,Stool Test
Laboratory Service-Microbiology,Urine Test
Laboratory Service-Haematology and Blood Transfusion,ABO Blood Grouping
Laboratory Service-Haematology and Blood Transfusion,Blood Cross matching
Laboratory Service-Clinical Chemistry,Blood Sugar/ Glucose Test (POCT)
Laboratory Service-Clinical Chemistry,Lipid Profile Test
Laboratory Service-Clinical Chemistry,Liver Function Tests
Laboratory Service-Clinical Chemistry,Renal Function Test
Laboratory Service-Clinical Chemistry,UPT
Laboratory Service-Clinical Chemistry,Uric acids
ENT Services,Audiology and Hearing
School Health Intervention,Health and Support Services
School Health Intervention,Environmental Health
Nursing and Maternity Home Services,Health education/IEC
Mental Health and Substance Abuse Services,"Case detection, referral of cases"
Mental Health and Substance Abuse Services,"Child, Adolescents behavioral Disorder"
Mental Health and Substance Abuse Services,Counselling
Mental Health and Substance Abuse Services,Pyscho-Social care and support
Reproductive and Child Health Care Services,FP-NONINV - Noninvasive Method
Reproductive and Child Health Care Services,Adolescent Reproductive Health Services
Reproductive and Child Health Care Services,Antenatal Care
Reproductive and Child Health Care Services,BEmOC - Basic Emergency Obstetric Care
Reproductive and Child Health Care Services,Breast Cancer
Reproductive and Child Health Care Services,CEmOC - Comprehensive Emergency Obstetric Care
Reproductive and Child Health Care Services,Cervical Cancer
Reproductive and Child Health Care Services,Councelling
Reproductive and Child Health Care Services,Emergency Contraception
Reproductive and Child Health Care Services,Family Planning
Reproductive and Child Health Care Services,GBV PEP
Reproductive and Child Health Care Services,GBV Trauma Counseling
Reproductive and Child Health Care Services,Post-Abortion Care
Reproductive and Child Health Care Services,Postnatal Care
Reproductive and Child Health Care Services,Prostate Cancer
Reproductive and Child Health Care Services,Reproductive Cancer Screening and Management
Support Services,Laundry Services
General Clinical Services,Nutritional Counseling
General Clinical Services,Nutritional Rehabilitation
Malaria Diagnosis and Treatment,Treatment of Complicated Malaria
HIV/AIDS Prevention,DCT - Diagnostic Counseling and Testing
HIV/AIDS Prevention,EID - Early Infant Diagnosis
HIV/AIDS Prevention,PEP - Post Exposure Prophylaxis
HIV/AIDS Prevention,PMTCT - ANC (ANC PMTCT)
HIV/AIDS Prevention,STI - Management of Sexually Transmitted Illness
HIV/AIDS Prevention,VCT - Voluntary Counseling and Testing
Cardiovascular Care and Treatment,ECG
Cardiovascular Care and Treatment,ECHO
Growth Monitoring / Nutrition Surveillance,IMM-ADD - With Addition Vaccine
Growth Monitoring / Nutrition Surveillance,IMM-BASIC - Basic Immunization
Growth Monitoring / Nutrition Surveillance,PORT - Port Immunization Services
Growth Monitoring / Nutrition Surveillance,Vaccination
Support Services,Security Services
NCD Preventive Services,Cancer Screening
NCD Preventive Services,NCD Disease Screening
NCD Preventive Services,NCD Risk Factors Screening and Management
Administration and Support Services,Toilets for female patients
Administration and Support Services,Toilets for female staff
Administration and Support Services,Toilets for Male Patients
Administration and Support Services,Toilets for Male Staff
Administration and Support Services,Wash Slab
Administration and Support Services,Waste Storage Bay
Technical Services,Office of the In Charge
Disease Surveillance,"Collect,package and refer to higher level (district,regional,zonal and national)"
Disease Surveillance,Perform laboratory tests for presumptive diagnosis
Disease Surveillance,Referal of specimen for confirmation and /or profiency testing
Laboratory Service-Clinical Chemistry,Protein (Commercial kits)
Laboratory Service-Clinical Chemistry,Protein (Electrophoresis)
Laboratory Service-Clinical Chemistry,Renal Function Tests
Non-Communicable Diseases Care and Treatment,Asthma
Non-Communicable Diseases Care and Treatment,Rheumatism
Non-Communicable Diseases Care and Treatment,Cancer
Non-Communicable Diseases Care and Treatment,CTC ID
