Service Category,Service Description
General Clinical Services,OPD - Outpatient Services
General Clinical Services,IMCI - Integrated Management of Childhood Illness
Malaria Diagnosis and Treatment,mRDT - Rapid Diagnostic Tests
Malaria Diagnosis and Treatment,First Line Treatment
HIV/AIDS Prevention,STI - Management of Sexually Transmitted Illness
HIV/AIDS Prevention,VCT - Voluntary Counseling and Testing
HIV/AIDS Prevention,PITC - Provider Initiated Testing And Counseling
HIV/AIDS Prevention,DCT - Diagnostic Counseling and Testing
HIV/AIDS Prevention,EID - Early Infant Diagnosis
HIV/AIDS Care and Treatment,HIV/AIDS Care and Treatment
HIV/AIDS Care and Treatment,Ped ART - Pediatric ART Only
Therapeutics,Dispensing Room
Health Promotion and Disease Prevention,Community Mobilization
Health Promotion and Disease Prevention,School Health Intervention
Reproductive and Child Health Care Services,Family Planning
Growth Monitoring / Nutrition Surveillance,Vaccination
Growth Monitoring / Nutrition Surveillance,IMM-BASIC - Basic Immunization
Emergency Preparedness,Comprehensive Emergency Preparedness
