Infrastructure Description,Category Description
National Grid,Source of Energy
Solar Panels,Source of Energy
Flush Toilet Piped into Sewer System,Toilet Facility
Flush Toilet Piped into Septic Tank,Toilet Facility
Incinerator,Waste Management
Rainwater Harvesting,Source of Water
Public Tap or Standpipe,Source of Water
TTCL,Communication Network
Airtel,Communication Network
Vodacom,Communication Network
Tigo,Communication Network
Halotel,Communication Network
Smile,Communication Network
Zantel,Communication Network
Car,Transport
