Service Category,Service Description
Malaria Diagnosis and Treatment,Slide Microscopy
Malaria Diagnosis and Treatment,mRDT - Rapid Diagnostic Tests
Diagnostic Services,Laboratory
Laboratory Service-Parasitology,Blood Smear for Haemoparasites
Laboratory Service-Parasitology,Occult Blood
Laboratory Service-Serology,Helicobacter pylori
Laboratory Service-Serology,Hepatitis B Surface Antigen Rapid Test
Laboratory Service-Serology,Hepatitis C Surface Antigen Rapid Test
Laboratory Service-Serology,Rapid Tests
Laboratory Service-Serology,RPR/ VDRL Rapid Test
Laboratory Service-Haematology and Blood Transfusion,ABO Blood Grouping
Laboratory Service-Haematology and Blood Transfusion,Haemoglobin Estimation
Laboratory Service-Haematology and Blood Transfusion,Sickle Cell Screening Test
Laboratory Service-Clinical Chemistry,Blood Sugar/ Glucose Test (POCT)
Laboratory Service-Clinical Chemistry,UPT
Laboratory Service-Clinical Chemistry,Urine Chemistry
