Service Category,Service Description
General Clinical Services,OPD - Outpatient Services
General Clinical Services,IPD - Inpatient Services
General Clinical Services,IMCI - Integrated Management of Childhood Illness
General Clinical Services,General Ophthalmology
General Clinical Services,Nutritional Counseling
General Clinical Services,Minor Surgical Interventions
General Clinical Services,Mental Health Services
Malaria Diagnosis and Treatment,mRDT - Rapid Diagnostic Tests
Malaria Diagnosis and Treatment,First Line Treatment
HIV/AIDS Prevention,STI - Management of Sexually Transmitted Illness
HIV/AIDS Prevention,VCT - Voluntary Counseling and Testing
HIV/AIDS Prevention,PITC - Provider Initiated Testing And Counseling
HIV/AIDS Prevention,DCT - Diagnostic Counseling and Testing
HIV/AIDS Prevention,EID - Early Infant Diagnosis
HIV/AIDS Prevention,PMTCT - ANC (ANC PMTCT)
HIV/AIDS Prevention,PMTCT - Maternity (MAT PMTCT)
HIV/AIDS Prevention,VMMC - Voluntary Medical Male Circumcision Services
HIV/AIDS Prevention,PEP - Post Exposure Prophylaxis
HIV/AIDS Care and Treatment,HIV/AIDS Care and Treatment
HIV/AIDS Care and Treatment,Both Adult and Pediatric
HIV/AIDS Care and Treatment,HBC - Home and Community Based Care
Therapeutics,Dispensing Room
Health Promotion and Disease Prevention,Epidemiological Surveillance and Response
Health Promotion and Disease Prevention,School Health Intervention
Health Promotion and Disease Prevention,Psychosocial Support
Diagnostic Services,Laboratory
Reproductive and Child Health Care Services,Family Planning
Reproductive and Child Health Care Services,Antenatal Care
Reproductive and Child Health Care Services,Postnatal Care
Reproductive and Child Health Care Services,Adolescent Reproductive Health Services
Reproductive and Child Health Care Services,BEmOC - Basic Emergency Obstetric Care
Reproductive and Child Health Care Services,CEmOC - Comprehensive Emergency Obstetric Care
Reproductive and Child Health Care Services,Post-Abortion Care
Reproductive and Child Health Care Services,Management of Hypertensive Pregnancies (Pre-eclampsia)
Reproductive and Child Health Care Services,Breast Cancer
Reproductive and Child Health Care Services,GBV Trauma Counseling
Reproductive and Child Health Care Services,VAC Trauma Counseling
Reproductive and Child Health Care Services,GBV PEP
Reproductive and Child Health Care Services,VAC PEP
Growth Monitoring / Nutrition Surveillance,Vaccination
Growth Monitoring / Nutrition Surveillance,IMM-BASIC - Basic Immunization
Oral Health Service (Dental Services),Dental Laboratory Services (Prosthesis)
Emergency Preparedness,Basic Emergency Preparedness
