Service Category,Service Description
"TB Diagnosis, Care and Treatment",First Line Treatment
"TB Diagnosis, Care and Treatment",Smear Microscopy
General Clinical Services,IMCI - Integrated Management of Childhood Illness
General Clinical Services,Minor Surgical Interventions
General Clinical Services,Diabetes Care and Treatment
General Clinical Services,Mental Health Services
General Clinical Services,NCD - Other Non-Communicable Disease Care and Treatment
General Clinical Services,Nutritional Counseling
General Clinical Services,OPD - Outpatient Services
Malaria Diagnosis and Treatment,First Line Treatment
Malaria Diagnosis and Treatment,mRDT - Rapid Diagnostic Tests
Malaria Diagnosis and Treatment,Slide Microscopy
Malaria Diagnosis and Treatment,Treatment of Complicated Malaria
