Service Category,Service Description
General Clinical Services,OPD - Outpatient Services
General Clinical Services,IMCI - Integrated Management of Childhood Illness
General Clinical Services,Diabetes Care and Treatment
General Clinical Services,Physiotherapy
General Clinical Services,Minor Surgical Interventions
General Clinical Services,Mental Health Services
Malaria Diagnosis and Treatment,Slide Microscopy
Malaria Diagnosis and Treatment,mRDT - Rapid Diagnostic Tests
"TB Diagnosis, Care and Treatment",Smear Microscopy
HIV/AIDS Prevention,STI - Management of Sexually Transmitted Illness
Emergency Preparedness,Basic Emergency Preparedness
