Equipment Description,Functional,Non Functional,Under Maintanance,Total
Adult and Paediatric resuscitator sets,1,0,0,1
Ambu Bag Children,2,0,0,2
B/P Machines,4,0,0,4
Basic Ultrasound,1,0,0,1
Bed elevator and Back rest,4,0,0,4
"Bed Pans,",2,0,0,2
Cannula,100,0,0,100
Cart,2,0,0,2
"Centrifuge Machine (Electrical, RCF, RPM)",1,0,0,1
Chattel forceps,4,0,0,4
Chairs,13,0,0,13
Clinical thermometer,5,0,0,5
Color coded bean,28,0,0,28
Color coded buckets,10,0,0,10
Complete delivery beds with Mackintosh,2,0,0,2
Computer,7,0,0,7
Cotton holder,5,0,0,5
Delivery Kits,2,0,0,2
Distiller,1,0,0,1
Doppler,1,0,0,1
"Dressing drums of different sizes, small and medium",5,0,0,5
Dressing tray,1,0,0,1
Dressing trolley,1,0,0,1
Drip stand with double hooks adjustable height.,2,0,0,2
Dustbins Paddles.,28,0,0,28
Emergency Medicine Tray,2,0,0,2
Emergency Tray with medicines,2,0,0,2
Featoscopes,2,0,0,2
Forceps,20,0,0,20
Galipot,1,0,0,1
Glucometer,1,0,0,1
Glycosylated Haemoglobin Reader,1,0,0,1
Height measurement,1,0,0,1
Height measuring Scale,1,0,0,1
Immunization trays,1,0,0,1
Immunization trays/Vaccine carrier/cold box,1,0,0,1
"Instrument trays: (different sizes, small and medium)",1,0,0,1
Jar forceps with cheatle forceps,2,0,0,2
Kidney Dishes (Medium),3,0,0,3
Lamination machine,1,0,0,1
Ladder,1,0,0,1
Laundry machine,1,0,0,1
Mackintosh,2,0,0,2
Measuring tape,4,0,0,4
Medicine Cupboard,6,0,0,6
Microscope (AO if electricity is available),1,0,0,1
Microscope (AO),2,0,1,3
Microscope Binocular (Electrical),2,0,1,3
Oven,1,0,0,1
PPEs,2,0,0,2
Proper waste disposal containers,4,0,0,4
Pulse Oximeter,6,0,0,6
Reagent bottles (250ml),2,0,0,2
Refrigerator with freezing compartment,2,0,0,2
Refrigerator,2,0,0,2
Scissors,4,0,0,4
Autoclave,1,0,0,1
Sphygmomanometer (BP Machine),4,0,0,4
sphygmomanometer and 1 stethoscope,2,0,0,2
Standard hospital white bed with wheels and mattress covered with Mackintosh.,4,0,0,4
Sterilizer electric,1,0,0,1
Stethoscopes 2,2,0,0,2
Thermometer,5,0,0,5
Tourniquet,3,0,0,3
Vaginal Examination Tray,1,0,0,1
Visitor’s Chair,20,0,0,20
Water bath,1,0,0,1
Weighing scale for children,1,0,0,1
Weighing scale for adults,2,0,0,2
Weighing scale (Analytical) 0.000-1000gm,1,0,0,1
Wheel Barrow,1,0,0,1
Wheelchair,1,0,0,1
Clock,1,0,0,1
Ash pit,1,0,0,1
Gloves,800,0,0,800
