Infrastructure Description,Category Description
National Grid,Source of Energy
Generator,Source of Energy
Flush Toilet Piped into Septic Tank,Toilet Facility
Incinerator,Waste Management
Placenta Pit,Waste Management
Piped Water to Yard/Plot,Source of Water
Protected Dug Well,Source of Water
Airtel,Communication Network
Halotel,Communication Network
Burning Chamber,Waste Management
Burning Pit,Waste Management
Dustbin,Waste Management
Waste collector,Waste Management
Ash Pit,Waste Management
Patient Vehicle,Transport
Administrative Vehicle,Transport
Public Transport,Transport
