Service Category,Service Description
General Clinical Services,OPD - Outpatient Services
General Clinical Services,Nutritional Counseling
General Clinical Services,Minor Surgical Interventions
Malaria Diagnosis and Treatment,Slide Microscopy
Malaria Diagnosis and Treatment,mRDT - Rapid Diagnostic Tests
Malaria Diagnosis and Treatment,First Line Treatment
HIV/AIDS Prevention,STI - Management of Sexually Transmitted Illness
HIV/AIDS Prevention,PITC - Provider Initiated Testing And Counseling
Therapeutics,Dispensing Room
Diagnostic Services,Laboratory
Reproductive and Child Health Care Services,Family Planning
Reproductive and Child Health Care Services,Antenatal Care
Reproductive and Child Health Care Services,Postnatal Care
Reproductive and Child Health Care Services,BEmOC - Basic Emergency Obstetric Care
Reproductive and Child Health Care Services,Post-Abortion Care
Growth Monitoring / Nutrition Surveillance,Vaccination
Growth Monitoring / Nutrition Surveillance,IMM-BASIC - Basic Immunization
General Clinical Services,Nutritional Counseling
Laboratory Service-Microbiology,Blood Test
Laboratory Service-Microbiology,Stool Test
Laboratory Service-Microbiology,Urine Test
Non-Communicable Diseases Care and Treatment,Asthma
Disease Surveillance,"Collect,package and refer to higher level (district,regional,zonal and national)"
Administration and Support Services,Ash Pit
Administration and Support Services,Female Staff Toilets (2WCs)
Administration and Support Services,Incinerator
Administration and Support Services,Male Staff Toilets (2WCs)
Administration and Support Services,Office for In-Charge Officer
Administration and Support Services,Outside pit Latrine
Administration and Support Services,"Parking for cars, bicycles"
Administration and Support Services,Placenta Pit
Administration and Support Services,Store room
Administration and Support Services,Toilets for female patients
Administration and Support Services,Toilets for female staff
Administration and Support Services,Toilets for Male Patients
Administration and Support Services,Toilets for Male Staff
Administration and Support Services,Wash Slab
HIV/AIDS Prevention,DCT - Diagnostic Counseling and Testing
HIV/AIDS Prevention,PMTCT - ANC (ANC PMTCT)
HIV/AIDS Prevention,PMTCT - Maternity (MAT PMTCT)
HIV/AIDS Prevention,VCT - Voluntary Counseling and Testing
HIV/AIDS Prevention,VMMC - Voluntary Medical Male Circumcision Services
School Health Intervention,Environmental Health
Nursing and Maternity Home Services,Health education/IEC
Technical Services,Office of the In Charge
