Service Category,Service Description
General Clinical Services,OPD - Outpatient Services
General Clinical Services,IMCI - Integrated Management of Childhood Illness
General Clinical Services,Nutritional Counseling
General Clinical Services,Minor Surgical Interventions
Malaria Diagnosis and Treatment,mRDT - Rapid Diagnostic Tests
Malaria Diagnosis and Treatment,First Line Treatment
HIV/AIDS Prevention,STI - Management of Sexually Transmitted Illness
HIV/AIDS Prevention,PITC - Provider Initiated Testing And Counseling
HIV/AIDS Prevention,EID - Early Infant Diagnosis
HIV/AIDS Prevention,PMTCT - ANC (ANC PMTCT)
HIV/AIDS Prevention,PMTCT - Maternity (MAT PMTCT)
HIV/AIDS Care and Treatment,HIV/AIDS Care and Treatment
HIV/AIDS Care and Treatment,Ped ART - Pediatric ART Only
HIV/AIDS Care and Treatment,Adult ART - Adult ART Only
HIV/AIDS Care and Treatment,HBC - Home and Community Based Care
Therapeutics,Dispensing Room
Health Promotion and Disease Prevention,Community Mobilization
Health Promotion and Disease Prevention,School Health Intervention
Reproductive and Child Health Care Services,Family Planning
Reproductive and Child Health Care Services,Antenatal Care
Reproductive and Child Health Care Services,Postnatal Care
Reproductive and Child Health Care Services,Adolescent Reproductive Health Services
Reproductive and Child Health Care Services,BEmOC - Basic Emergency Obstetric Care
Growth Monitoring / Nutrition Surveillance,Vaccination
Growth Monitoring / Nutrition Surveillance,IMM-BASIC - Basic Immunization
Emergency Preparedness,Basic Emergency Preparedness
