Service Category,Service Description
Laboratory Service-Microbiology,Swabs for Gram Stain
Laboratory Service-Microbiology,Swabs for Wet
Laboratory Service-Parasitology,Blood Smear for Haemoparasites
Laboratory Service-Parasitology,Malaria Rapid Diagnostic Test (mRDT)
Laboratory Service-Parasitology,Stool Analysis
Laboratory Service-Parasitology,Urine Analysis
Laboratory Service-Serology,Helicobacter pylori
Laboratory Service-Serology,HIV Rapid Test
Laboratory Service-Serology,RPR/ VDRL Rapid Test
Laboratory Service-Serology,Widal test
Laboratory Service-Haematology and Blood Transfusion,ABO Blood Grouping
Laboratory Service-Haematology and Blood Transfusion,Haemoglobin Estimation
Laboratory Service-Clinical Chemistry,Blood Sugar/ Glucose Test (POCT)
Laboratory Service-Clinical Chemistry,UPT
Laboratory Service-Clinical Chemistry,Urine Chemistry
