Service Category,Service Description
General Clinical Services,OPD - Outpatient Services
General Clinical Services,IMCI - Integrated Management of Childhood Illness
General Clinical Services,General Ophthalmology
General Clinical Services,Physiotherapy
General Clinical Services,Nutritional Counseling
General Clinical Services,Minor Surgical Interventions
General Clinical Services,Mental Health Services
Malaria Diagnosis and Treatment,mRDT - Rapid Diagnostic Tests
Malaria Diagnosis and Treatment,First Line Treatment
HIV/AIDS Prevention,STI - Management of Sexually Transmitted Illness
HIV/AIDS Prevention,VCT - Voluntary Counseling and Testing
HIV/AIDS Prevention,PITC - Provider Initiated Testing And Counseling
HIV/AIDS Prevention,PMTCT - ANC (ANC PMTCT)
HIV/AIDS Prevention,PMTCT - Maternity (MAT PMTCT)
Health Promotion and Disease Prevention,Epidemiological Surveillance and Response
Health Promotion and Disease Prevention,Community Mobilization
Reproductive and Child Health Care Services,Family Planning
Reproductive and Child Health Care Services,Antenatal Care
Reproductive and Child Health Care Services,Postnatal Care
Reproductive and Child Health Care Services,Adolescent Reproductive Health Services
Reproductive and Child Health Care Services,Breast Cancer
Reproductive and Child Health Care Services,GBV Trauma Counseling
Reproductive and Child Health Care Services,VAC Trauma Counseling
Growth Monitoring / Nutrition Surveillance,Vaccination
Growth Monitoring / Nutrition Surveillance,IMM-BASIC - Basic Immunization
Emergency Preparedness,Basic Emergency Preparedness
