Service Category,Service Description
General Clinical Services,OPD - Outpatient Services
General Clinical Services,IPD - Inpatient Services
General Clinical Services,IMCI - Integrated Management of Childhood Illness
General Clinical Services,Diabetes Care and Treatment
General Clinical Services,General Ophthalmology
General Clinical Services,Nutritional Counseling
General Clinical Services,Major Surgical Interventions
General Clinical Services,Minor Surgical Interventions
General Clinical Services,Mental Health Services
Malaria Diagnosis and Treatment,Slide Microscopy
Malaria Diagnosis and Treatment,mRDT - Rapid Diagnostic Tests
Malaria Diagnosis and Treatment,First Line Treatment
Malaria Diagnosis and Treatment,Treatment of Complicated Malaria
"TB Diagnosis, Care and Treatment",Smear Microscopy
"TB Diagnosis, Care and Treatment",MDRTB Treatment
HIV/AIDS Prevention,STI - Management of Sexually Transmitted Illness
HIV/AIDS Prevention,VCT - Voluntary Counseling and Testing
HIV/AIDS Prevention,PITC - Provider Initiated Testing And Counseling
HIV/AIDS Prevention,DCT - Diagnostic Counseling and Testing
HIV/AIDS Prevention,EID - Early Infant Diagnosis
HIV/AIDS Prevention,PMTCT - ANC (ANC PMTCT)
HIV/AIDS Prevention,PMTCT - Maternity (MAT PMTCT)
HIV/AIDS Prevention,PEP - Post Exposure Prophylaxis
HIV/AIDS Care and Treatment,HIV/AIDS Care and Treatment
HIV/AIDS Care and Treatment,Ped ART - Pediatric ART Only
HIV/AIDS Care and Treatment,Adult ART - Adult ART Only
HIV/AIDS Care and Treatment,Both Adult and Pediatric
HIV/AIDS Care and Treatment,HBC - Home and Community Based Care
Therapeutics,Dispensing Room
Health Promotion and Disease Prevention,Community Mobilization
Health Promotion and Disease Prevention,School Health Intervention
Health Promotion and Disease Prevention,Psychosocial Support
Reproductive and Child Health Care Services,Antenatal Care
Reproductive and Child Health Care Services,Postnatal Care
Reproductive and Child Health Care Services,Adolescent Reproductive Health Services
Reproductive and Child Health Care Services,BEmOC - Basic Emergency Obstetric Care
Reproductive and Child Health Care Services,Post-Abortion Care
Reproductive and Child Health Care Services,Management of Hypertensive Pregnancies (Pre-eclampsia)
Reproductive and Child Health Care Services,Cervical Cancer
Reproductive and Child Health Care Services,Breast Cancer
Growth Monitoring / Nutrition Surveillance,IMM-BASIC - Basic Immunization
Growth Monitoring / Nutrition Surveillance,IMM-ADD - With Addition Vaccine
Oral Health Service (Dental Services),Emergency Dental Services
Oral Health Service (Dental Services),Scaling
Oral Health Service (Dental Services),Surgical Intervetion
