Service Category,Service Description
General Clinical Services,OPD - Outpatient Services
Malaria Diagnosis and Treatment,Slide Microscopy
Malaria Diagnosis and Treatment,mRDT - Rapid Diagnostic Tests
Malaria Diagnosis and Treatment,First Line Treatment
HIV/AIDS Prevention,VCT - Voluntary Counseling and Testing
HIV/AIDS Prevention,PITC - Provider Initiated Testing And Counseling
HIV/AIDS Prevention,DCT - Diagnostic Counseling and Testing
HIV/AIDS Care and Treatment,HBC - Home and Community Based Care
Therapeutics,Pharmacy
Therapeutics,Dispensing Room
Diagnostic Services,Laboratory
Reproductive and Child Health Care Services,Family Planning
Reproductive and Child Health Care Services,Antenatal Care
Reproductive and Child Health Care Services,Postnatal Care
Growth Monitoring / Nutrition Surveillance,Vaccination
