Equipment Description,Functional,Non Functional,Under Maintanance,Total
Boiling Pot,1,0,0,1
Safety Box,1,0,0,1
Patient Beds,2,0,0,2
Delivery Beds,2,0,0,2
Examination beds,1,0,0,1
BP Machine,3,0,0,3
Stethoscope,3,0,0,3
Featoscopes,2,0,0,2
Clinical thermometer,2,0,0,2
Weighing scale for adults,2,0,0,2
Weighing scale for children,2,0,0,2
Screen,1,0,0,1
Delivery Kits,3,0,0,3
Drip stands,2,0,0,2
Chairs,9,0,0,9
Medicine Cupboard,3,0,0,3
Shelves,1,0,0,1
Refrigerator,1,0,0,1
Ambu bag Neonate,3,0,0,3
"Dressing drums different sizes, small and medium",2,0,0,2
Computer,1,0,0,1
Microscope (AO if electricity is available),1,0,0,1
Dressing trolley,1,0,0,1
Glucometer,1,0,0,1
Galipot,5,0,0,5
Kidney Dishes (Medium),5,0,0,5
Gloves for Placenta removal,100,0,0,100
Immunization trays/Vaccine carrier/cold box,2,0,0,2
Measuring tape,1,0,0,1
Sterilizer,1,0,0,1
Haemoglobin Machine,1,0,0,1
Scissors,3,0,0,3
Color coded bean,13,0,0,13
