Service Category,Service Description
General Clinical Services,OPD - Outpatient Services
General Clinical Services,IMCI - Integrated Management of Childhood Illness
General Clinical Services,Diabetes Care and Treatment
General Clinical Services,General Ophthalmology
General Clinical Services,Physiotherapy
General Clinical Services,Nutritional Rehabilitation
General Clinical Services,Nutritional Counseling
General Clinical Services,Mental Health Services
Malaria Diagnosis and Treatment,Slide Microscopy
Malaria Diagnosis and Treatment,mRDT - Rapid Diagnostic Tests
"TB Diagnosis, Care and Treatment",Smear Microscopy
"TB Diagnosis, Care and Treatment",Tuberculosis Culture
"TB Diagnosis, Care and Treatment",X-Ray
Malaria Diagnosis and Treatment,First Line Treatment
"TB Diagnosis, Care and Treatment",MDRTB Treatment
HIV/AIDS Prevention,STI - Management of Sexually Transmitted Illness
HIV/AIDS Prevention,VCT - Voluntary Counseling and Testing
HIV/AIDS Prevention,PITC - Provider Initiated Testing And Counseling
HIV/AIDS Prevention,DCT - Diagnostic Counseling and Testing
HIV/AIDS Prevention,EID - Early Infant Diagnosis
HIV/AIDS Prevention,PMTCT - ANC (ANC PMTCT)
HIV/AIDS Prevention,PMTCT - Maternity (MAT PMTCT)
HIV/AIDS Prevention,PEP - Post Exposure Prophylaxis
Therapeutics,Pharmacy
Therapeutics,Dispensing Room
Diagnostic Services,Laboratory
Reproductive and Child Health Care Services,Family Planning
