Service Category,Service Description
Malaria Diagnosis and Treatment,First Line Treatment
Malaria Diagnosis and Treatment,mRDT - Rapid Diagnostic Tests
General Clinical Services,OPD - Outpatient Services
Reproductive and Child Health Care Services,Antenatal Care
Reproductive and Child Health Care Services,Breast Cancer
Reproductive and Child Health Care Services,Cervical Cancer
Reproductive and Child Health Care Services,Family Planning
Reproductive and Child Health Care Services,Maternal and Newborn Care
Reproductive and Child Health Care Services,Postnatal Care
Reproductive and Child Health Care Services,VAC Trauma Counseling
