Service Category,Service Description
General Clinical Services,OPD - Outpatient Services
General Clinical Services,Diabetes Care and Treatment
General Clinical Services,Nutritional Counseling
General Clinical Services,Minor Surgical Interventions
Malaria Diagnosis and Treatment,Slide Microscopy
Malaria Diagnosis and Treatment,mRDT - Rapid Diagnostic Tests
Malaria Diagnosis and Treatment,First Line Treatment
"TB Diagnosis, Care and Treatment",Smear Microscopy
HIV/AIDS Prevention,STI - Management of Sexually Transmitted Illness
HIV/AIDS Prevention,VCT - Voluntary Counseling and Testing
HIV/AIDS Prevention,PITC - Provider Initiated Testing And Counseling
HIV/AIDS Prevention,VMMC - Voluntary Medical Male Circumcision Services
Therapeutics,Pharmacy
Therapeutics,Dispensing Room
Health Promotion and Disease Prevention,Psychosocial Support
Diagnostic Services,Laboratory
