Service Category,Service Description
General Clinical Services,OPD - Outpatient Services
General Clinical Services,Diabetes Care and Treatment
General Clinical Services,Nutritional Counseling
General Clinical Services,Minor Surgical Interventions
Malaria Diagnosis and Treatment,mRDT - Rapid Diagnostic Tests
Malaria Diagnosis and Treatment,First Line Treatment
HIV/AIDS Prevention,STI - Management of Sexually Transmitted Illness
HIV/AIDS Prevention,VCT - Voluntary Counseling and Testing
HIV/AIDS Prevention,PITC - Provider Initiated Testing And Counseling
HIV/AIDS Prevention,PMTCT - Maternity (MAT PMTCT)
HIV/AIDS Prevention,PEP - Post Exposure Prophylaxis
Therapeutics,Dispensing Room
Reproductive and Child Health Care Services,Family Planning
Reproductive and Child Health Care Services,Antenatal Care
Reproductive and Child Health Care Services,Postnatal Care
Reproductive and Child Health Care Services,BEmOC - Basic Emergency Obstetric Care
Reproductive and Child Health Care Services,Post-Abortion Care
Emergency Preparedness,Basic Emergency Preparedness
