Service Category,Service Description
General Clinical Services,OPD - Outpatient Services
General Clinical Services,IMCI - Integrated Management of Childhood Illness
General Clinical Services,Minor Surgical Interventions
Malaria Diagnosis and Treatment,mRDT - Rapid Diagnostic Tests
Malaria Diagnosis and Treatment,First Line Treatment
Malaria Diagnosis and Treatment,Treatment of Complicated Malaria
HIV/AIDS Prevention,STI - Management of Sexually Transmitted Illness
HIV/AIDS Prevention,PITC - Provider Initiated Testing And Counseling
HIV/AIDS Prevention,PMTCT - ANC (ANC PMTCT)
HIV/AIDS Prevention,PMTCT - Maternity (MAT PMTCT)
Therapeutics,Dispensing Room
Health Promotion and Disease Prevention,Community Mobilization
Health Promotion and Disease Prevention,School Health Intervention
Reproductive and Child Health Care Services,Family Planning
Reproductive and Child Health Care Services,Antenatal Care
Reproductive and Child Health Care Services,Postnatal Care
Reproductive and Child Health Care Services,Post-Abortion Care
Growth Monitoring / Nutrition Surveillance,Vaccination
Growth Monitoring / Nutrition Surveillance,IMM-BASIC - Basic Immunization
Growth Monitoring / Nutrition Surveillance,IMM-ADD - With Addition Vaccine
Oral Health Service (Dental Services),Emergency Dental Services
