Service Category,Service Description
General Clinical Services,OPD - Outpatient Services
Malaria Diagnosis and Treatment,mRDT - Rapid Diagnostic Tests
Malaria Diagnosis and Treatment,First Line Treatment
Malaria Diagnosis and Treatment,Treatment of Complicated Malaria
HIV/AIDS Prevention,STI - Management of Sexually Transmitted Illness
HIV/AIDS Prevention,VCT - Voluntary Counseling and Testing
HIV/AIDS Prevention,PITC - Provider Initiated Testing And Counseling
HIV/AIDS Prevention,DCT - Diagnostic Counseling and Testing
HIV/AIDS Prevention,EID - Early Infant Diagnosis
HIV/AIDS Prevention,PMTCT - ANC (ANC PMTCT)
HIV/AIDS Prevention,PMTCT - Maternity (MAT PMTCT)
HIV/AIDS Prevention,PEP - Post Exposure Prophylaxis
HIV/AIDS Care and Treatment,HIV/AIDS Care and Treatment
HIV/AIDS Care and Treatment,Both Adult and Pediatric
Therapeutics,Dispensing Room
Reproductive and Child Health Care Services,Family Planning
Reproductive and Child Health Care Services,Antenatal Care
Reproductive and Child Health Care Services,Postnatal Care
Reproductive and Child Health Care Services,BEmOC - Basic Emergency Obstetric Care
Growth Monitoring / Nutrition Surveillance,Vaccination
Growth Monitoring / Nutrition Surveillance,IMM-BASIC - Basic Immunization
