Equipment Description,Functional,Non Functional,Under Maintanance,Total
B/P Machines,1,0,0,1
Chairs,8,0,0,8
Featoscopes,1,0,0,1
Cold room,1,0,0,1
Delivery Kits,2,0,0,2
Examination beds,2,0,0,2
Complete delivery beds with Mackintosh,1,0,0,1
Clinical thermometer,2,0,0,2
Cold boxes,4,0,0,4
"Dressing drums different sizes, small and medium",2,0,0,2
Computer,2,0,0,2
Drip stand,2,0,0,2
Refrigerator,1,0,0,1
Weighing scale for adults,3,0,0,3
Weighing scale for children,1,0,0,1
Sterilizer,1,0,0,1
Standard hospital white bed with wheels and mattress covered with Mackintosh.,8,0,0,8
Scissors,4,0,0,4
Screen,2,0,0,2
Ambu bag Neonate,1,0,0,1
Table (that can accommodate 4 Bench Vices),5,0,0,5
Standard White Hospital Bed,8,0,0,8
Patient Beds,10,0,0,10
