Service Category,Service Description
Malaria Diagnosis and Treatment,mRDT - Rapid Diagnostic Tests
General Clinical Services,Minor Surgical Interventions
General Clinical Services,Nutritional Counseling
General Clinical Services,OPD - Outpatient Services
HIV/AIDS Care and Treatment,HIV/AIDS Care and Treatment
Reproductive and Child Health Care Services,Adolescent Reproductive Health Services
Reproductive and Child Health Care Services,Antenatal Care
Reproductive and Child Health Care Services,Family Planning
