Service Category,Service Description
HIV/AIDS Care and Treatment,HIV/AIDS Care and Treatment
HIV/AIDS Care and Treatment,Ped ART - Pediatric ART Only
HIV/AIDS Care and Treatment,Adult ART - Adult ART Only
HIV/AIDS Care and Treatment,Both Adult and Pediatric
HIV/AIDS Care and Treatment,HBC - Home and Community Based Care
Diagnostic Services,Laboratory
Reproductive and Child Health Care Services,Family Planning
Reproductive and Child Health Care Services,Antenatal Care
Reproductive and Child Health Care Services,Postnatal Care
Reproductive and Child Health Care Services,Adolescent Reproductive Health Services
Reproductive and Child Health Care Services,BEmOC - Basic Emergency Obstetric Care
Reproductive and Child Health Care Services,Post-Abortion Care
Reproductive and Child Health Care Services,Management of Hypertensive Pregnancies (Pre-eclampsia)
Reproductive and Child Health Care Services,VAC Trauma Counseling
Reproductive and Child Health Care Services,GBV PEP
Oral Health Service (Dental Services),Dental Laboratory Services (Prosthesis)
Oral Health Service (Dental Services),Emergency Dental Services
Oral Health Service (Dental Services),Restoration
Oral Health Service (Dental Services),Scaling
Support Services,Kitchen Services
Support Services,Mortuary Services
