Service Category,Service Description
General Clinical Services,OPD - Outpatient Services
General Clinical Services,IMCI - Integrated Management of Childhood Illness
General Clinical Services,Nutritional Rehabilitation
General Clinical Services,Nutritional Counseling
Malaria Diagnosis and Treatment,mRDT - Rapid Diagnostic Tests
Malaria Diagnosis and Treatment,First Line Treatment
Malaria Diagnosis and Treatment,Treatment of Complicated Malaria
HIV/AIDS Prevention,STI - Management of Sexually Transmitted Illness
HIV/AIDS Prevention,VCT - Voluntary Counseling and Testing
HIV/AIDS Prevention,PITC - Provider Initiated Testing And Counseling
HIV/AIDS Prevention,DCT - Diagnostic Counseling and Testing
HIV/AIDS Prevention,PMTCT - ANC (ANC PMTCT)
HIV/AIDS Prevention,PMTCT - Maternity (MAT PMTCT)
HIV/AIDS Care and Treatment,HIV/AIDS Care and Treatment
HIV/AIDS Care and Treatment,Adult ART - Adult ART Only
Therapeutics,Pharmacy
Therapeutics,Dispensing Room
Health Promotion and Disease Prevention,School Health Intervention
Reproductive and Child Health Care Services,Family Planning
Reproductive and Child Health Care Services,Antenatal Care
Reproductive and Child Health Care Services,Postnatal Care
Reproductive and Child Health Care Services,Adolescent Reproductive Health Services
Reproductive and Child Health Care Services,BEmOC - Basic Emergency Obstetric Care
Reproductive and Child Health Care Services,Post-Abortion Care
Reproductive and Child Health Care Services,Management of Hypertensive Pregnancies (Pre-eclampsia)
Reproductive and Child Health Care Services,GBV Trauma Counseling
Reproductive and Child Health Care Services,VAC Trauma Counseling
Reproductive and Child Health Care Services,GBV PEP
Growth Monitoring / Nutrition Surveillance,Vaccination
Emergency Preparedness,Basic Emergency Preparedness
