Service Category,Service Description
General Clinical Services,OPD - Outpatient Services
General Clinical Services,Major Surgical Interventions
General Clinical Services,Minor Surgical Interventions
Malaria Diagnosis and Treatment,Slide Microscopy
Malaria Diagnosis and Treatment,mRDT - Rapid Diagnostic Tests
"TB Diagnosis, Care and Treatment",X-Ray
Cardiovascular Care and Treatment,ECG
Cardiovascular Care and Treatment,ECHO
HIV/AIDS Prevention,DCT - Diagnostic Counseling and Testing
Therapeutics,Pharmacy
Therapeutics,Dispensing Room
Reproductive and Child Health Care Services,Antenatal Care
Emergency Preparedness,Basic Emergency Preparedness
