Service Category,Service Description
General Clinical Services,OPD - Outpatient Services
General Clinical Services,IMCI - Integrated Management of Childhood Illness
General Clinical Services,Minor Surgical Interventions
Malaria Diagnosis and Treatment,mRDT - Rapid Diagnostic Tests
Malaria Diagnosis and Treatment,First Line Treatment
HIV/AIDS Prevention,STI - Management of Sexually Transmitted Illness
HIV/AIDS Prevention,VCT - Voluntary Counseling and Testing
HIV/AIDS Prevention,PITC - Provider Initiated Testing And Counseling
HIV/AIDS Prevention,DCT - Diagnostic Counseling and Testing
HIV/AIDS Prevention,EID - Early Infant Diagnosis
HIV/AIDS Prevention,PMTCT - ANC (ANC PMTCT)
HIV/AIDS Prevention,PMTCT - Maternity (MAT PMTCT)
HIV/AIDS Prevention,VMMC - Voluntary Medical Male Circumcision Services
HIV/AIDS Care and Treatment,Adult ART - Adult ART Only
HIV/AIDS Care and Treatment,HBC - Home and Community Based Care
Therapeutics,Dispensing Room
Reproductive and Child Health Care Services,Family Planning
Reproductive and Child Health Care Services,Antenatal Care
Reproductive and Child Health Care Services,Postnatal Care
Reproductive and Child Health Care Services,BEmOC - Basic Emergency Obstetric Care
Reproductive and Child Health Care Services,Post-Abortion Care
Growth Monitoring / Nutrition Surveillance,Vaccination
Growth Monitoring / Nutrition Surveillance,IMM-BASIC - Basic Immunization
Growth Monitoring / Nutrition Surveillance,IMM-ADD - With Addition Vaccine
Emergency Preparedness,Basic Emergency Preparedness
