Service Category,Service Description
Diagnostic Services,Laboratory
Laboratory Service-Parasitology,Blood film for haemoparasites
Laboratory Service-Parasitology,Malaria Rapid Diagnostic Test (mRDT)
Laboratory Service-Parasitology,Stool Analysis
Laboratory Service-Parasitology,Urine Analysis
Laboratory Service-Microbiology,Stool Test
Laboratory Service-Microbiology,Urine Test
Laboratory Service-Serology,Helicobacter pylori
Laboratory Service-Serology,RPR/ VDRL Rapid Test
Laboratory Service-Serology,Syphilis (TPHA/TPPA) test
Laboratory Service-Haematology and Blood Transfusion,Haemoglobin Estimation
Laboratory Service-Haematology and Blood Transfusion,Syphillis antibody (Commercial kits)
Laboratory Service-Clinical Chemistry,Blood Sugar/ Glucose Test (POCT)
Laboratory Service-Clinical Chemistry,Liver Function Tests
